{
  "locale": "es-ES",
  "LatestArticles": {
    "title": "Último artículo",
    "noTitleValue": "(El artículo no tiene título)",
    "noTeaserValue": "(El artículo no tiene imagen teaser)",
    "noSummaryValue": "Sin resumen lleno"
  },
  "About": {
    "noTitleValue": "(Hecho no tiene titulo)",
    "noDescriptionValue": "ninguna descripción llena",
    "noTeaserValue": "(hecho no tiene imagen teaser)"
  },
  "Articles": {
    "noTitleValue": "(El artículo no tiene título)",
    "noTeaserValue": "(El artículo no tiene imagen teaser)",
    "noSummaryValue": "Sin resumen lleno",
    "noBodyCopyValue": "ninguna copia del cuerpo llena"
  },
  "Home": {
    "moreArticles": "Más artículos",
    "aboutLinkText": "Leer toda la historia",
    "cafesLinkText": "Más cafés"
  },
  "TasteOurCoffee": {
    "title": "Probar nuestro café"
  },
  "Header": {
    "homeLinkTitle": "Inicio",
    "storeLinkTitle": "Tienda",
    "articlesLinkTitle": "Artículos",
    "aboutLinkTitle": "Quiénes somos",
    "cafesLinkTitle": "Cafés",
    "contactsLinkTitle": "Contacto"
  },
  "Store": {
    "coffeesLinkTitle": "Cafés",
    "brewersLinkTitle": "Cerveceros"
  },
  "CoffeeFilter": {
    "coffeeProcessingTitle": "Procesamiento del café",
    "statusTitle": "Estado"
  },
  "BrewerFilter": {
    "manufacturerTitle": "Fabricante",
    "priceTitle": "Precio",
    "statusTitle": "Estado"
  },
  "Brewers": {
    "noPriceValue": "Sin precio llenado",
    "noNameValue": "Sin nombre lleno",
    "noTeaserValue": "(El producto no tiene imagen teaser)",
    "noDescriptionValue": "ninguna descripción llena"
  },
  "Cafes": {
    "ourCafesTitle": "Nuestros cafés",
    "partnerCafesTitle": "Otros lugares donde puedes tomar nuestro café"
  },
  "Coffees": {
    "noPriceValue": "Sin precio llenado",
    "noNameValue": "Sin nombre lleno",
    "noTeaserValue": "(El producto no tiene imagen teaser)",
    "noDescriptionValue": "ninguna descripción llena"
  },
  "Contacts": {
    "roasteryTitle": "Roastery",
    "ourCafesTitle": "Probar nuestro café",
    "mapTitle": "Pase por nuestros cafés        "
  },
  "Footer": {
    "followUs": "Síguenos",
    "followUsOnFacebook": "Síguenos en Facebook",
    "followUsOnTwitter": "Síganos en Twitter",
    "contact": "Contacto",
    "cityStateZip": "Illinois 60601, EE.UU.",
    "allRightsReserved": "Todos los derechos reservados."
  }
}
